time,latitude,longitude,depth,mag,magType,nst,gap,dmin,rms,net,id,updated,place,type,horizontalError,depthError,magError,magNst,status,locationSource,magSource,Month,Category,Area Name
2025-06-30 21:49:48.341000+00:00,29.3301,129.5332,9.343,4.4,mb,32.0,121.0,2.313,0.83,us,us7000q9v6,2025-07-13 23:56:26.040000+00:00,"97 km N of Tatsugō, Japan",earthquake,8.41,4.391,0.108,25.0,reviewed,us,us,6,Weak,Tatsugō
2025-06-30 16:13:08.008000+00:00,36.1168,139.8707,66.087,4.0,mb,23.0,155.0,1.407,0.74,us,us7000qbv6,2025-07-10 19:05:01.040000+00:00,"6 km ENE of Sakai, Japan",earthquake,5.75,9.141,0.144,13.0,reviewed,us,us,6,Weak,Sakai
2025-06-30 15:22:27.163000+00:00,29.296,129.4353,10.0,4.6,mb,61.0,57.0,2.374,1.0,us,us7000q9rm,2025-07-10 18:56:50.040000+00:00,"95 km N of Tatsugō, Japan",earthquake,6.83,1.85,0.091,36.0,reviewed,us,us,6,Weak,Tatsugō
2025-06-30 09:33:22.335000+00:00,29.3206,129.392,10.0,5.2,mww,106.0,62.0,2.366,1.04,us,us7000q9q4,2025-06-30 09:52:56.040000+00:00,"98 km NNW of Tatsugō, Japan",earthquake,6.07,1.841,0.069,20.0,reviewed,us,us,6,Medium,Tatsugō
2025-06-30 04:32:42.168000+00:00,33.1373,138.154,306.228,4.2,mb,104.0,85.0,1.393,0.61,us,us7000q9ni,2025-07-16 23:32:36.040000+00:00,"162 km S of Ōyama, Japan",earthquake,9.43,6.904,0.057,85.0,reviewed,us,us,6,Weak,Ōyama
2025-06-30 03:36:19.940000+00:00,29.3258,129.3647,10.0,4.7,mww,97.0,109.0,2.37,0.46,us,us7000q9nf,2025-07-16 05:15:08.040000+00:00,"99 km NNW of Tatsugō, Japan",earthquake,6.29,1.864,0.093,11.0,reviewed,us,us,6,Weak,Tatsugō
2025-06-29 17:58:52.726000+00:00,29.3117,129.4362,10.0,4.3,mb,31.0,110.0,2.36,0.73,us,us7000q9lj,2025-07-11 16:50:10.040000+00:00,"96 km N of Tatsugō, Japan",earthquake,4.87,1.835,0.133,16.0,reviewed,us,us,6,Weak,Tatsugō
2025-06-29 13:36:53.514000+00:00,29.396,129.3403,28.232,4.4,mb,33.0,109.0,2.315,0.77,us,us7000qbu6,2025-07-14 16:23:27.040000+00:00,"107 km NNW of Tatsugō, Japan",earthquake,4.8,5.412,0.114,26.0,reviewed,us,us,6,Weak,Tatsugō
2025-06-29 11:26:56.688000+00:00,43.5606,144.6264,127.861,4.2,mb,59.0,143.0,1.574,0.89,us,us7000q9ia,2025-06-29 13:44:23.040000+00:00,"13 km NE of Teshikaga, Japan",earthquake,8.23,7.539,0.061,76.0,reviewed,us,us,6,Weak,Teshikaga
2025-06-29 07:56:00.444000+00:00,29.3486,129.2917,10.0,4.2,mb,26.0,107.0,2.375,0.88,us,us7000qbtt,2025-07-11 12:35:06.040000+00:00,"104 km NNW of Tatsugō, Japan",earthquake,8.07,1.902,0.137,16.0,reviewed,us,us,6,Weak,Tatsugō
2025-06-29 07:32:52.204000+00:00,29.2506,129.5135,10.0,4.3,mb,26.0,112.0,2.393,0.72,us,us7000qbtl,2025-07-11 11:59:23.040000+00:00,"89 km N of Tatsugō, Japan",earthquake,8.7,1.9,0.122,19.0,reviewed,us,us,6,Weak,Tatsugō
2025-06-29 07:11:56.977000+00:00,29.3819,129.4814,10.0,5.2,mww,79.0,79.0,2.28,0.82,us,us7000q9hh,2025-07-12 06:42:08.040000+00:00,"103 km N of Tatsugō, Japan",earthquake,6.84,1.858,0.089,12.0,reviewed,us,us,6,Medium,Tatsugō
2025-06-29 05:52:50.165000+00:00,29.3982,129.4199,10.0,4.5,mb,41.0,108.0,2.285,0.98,us,us7000q9h6,2025-07-12 06:24:17.040000+00:00,"106 km N of Tatsugō, Japan",earthquake,7.14,1.85,0.09,36.0,reviewed,us,us,6,Weak,Tatsugō
2025-06-29 02:36:21.741000+00:00,29.403,129.4384,10.0,4.3,mb,25.0,110.0,2.275,1.28,us,us7000q9g5,2025-06-29 03:52:13.040000+00:00,"106 km N of Tatsugō, Japan",earthquake,7.52,1.949,0.178,9.0,reviewed,us,us,6,Weak,Tatsugō
2025-06-29 01:15:25.486000+00:00,29.3356,129.3957,10.0,5.4,mww,66.0,33.0,2.351,0.76,us,us7000q9fs,2025-06-30 01:40:13.442000+00:00,"100 km NNW of Tatsugō, Japan",earthquake,6.5,1.71,0.08,15.0,reviewed,us,us,6,Medium,Tatsugō
2025-06-29 01:13:59.027000+00:00,29.2263,129.0759,10.0,4.9,mb,36.0,134.0,2.485,1.24,us,us7000q9fq,2025-06-29 01:57:38.040000+00:00,"100 km NNW of Tatsugō, Japan",earthquake,12.72,1.906,0.039,210.0,reviewed,us,us,6,Weak,Tatsugō
2025-06-28 15:55:16.478000+00:00,28.0827,139.8216,424.195,4.0,mb,27.0,79.0,2.316,0.76,us,us7000q9di,2025-06-28 17:09:20.040000+00:00,"Bonin Islands, Japan region",earthquake,15.46,10.722,0.096,29.0,reviewed,us,us,6,Weak,Bonin Islands
2025-06-28 04:59:49.485000+00:00,24.8056,123.2223,119.854,4.4,mb,58.0,49.0,0.388,0.98,us,us7000q9ac,2025-06-28 22:21:29.040000+00:00,"43 km NNE of Yonakuni, Japan",earthquake,6.99,5.54,0.066,67.0,reviewed,us,us,6,Weak,Yonakuni
2025-06-28 02:12:50.834000+00:00,29.2913,129.4104,10.0,4.4,mb,30.0,90.0,2.387,0.76,us,us7000q99b,2025-06-28 02:50:35.040000+00:00,"95 km NNW of Tatsugō, Japan",earthquake,7.19,1.913,0.13,17.0,reviewed,us,us,6,Weak,Tatsugō
2025-06-28 00:15:15.828000+00:00,29.3501,129.3552,10.064,4.5,mb,39.0,110.0,2.351,0.58,us,us7000q98u,2025-07-12 03:55:21.040000+00:00,"102 km NNW of Tatsugō, Japan",earthquake,7.2,4.792,0.102,28.0,reviewed,us,us,6,Weak,Tatsugō
2025-06-27 09:44:44.989000+00:00,43.0399,145.3315,48.346,4.2,mb,54.0,179.0,1.906,0.78,us,us7000q92f,2025-06-27 11:57:57.040000+00:00,"37 km SSW of Nemuro, Japan",earthquake,9.33,7.925,0.085,39.0,reviewed,us,us,6,Weak,Nemuro
2025-06-27 04:17:04.988000+00:00,29.3039,129.4356,10.0,4.9,mb,49.0,107.0,2.367,0.7,us,us7000q91j,2025-06-27 04:36:18.040000+00:00,"95 km N of Tatsugō, Japan",earthquake,4.09,1.826,0.043,175.0,reviewed,us,us,6,Weak,Tatsugō
2025-06-26 23:56:01.762000+00:00,36.5389,140.4701,63.208,4.6,mb,59.0,142.0,1.821,0.77,us,us7000q90k,2025-07-08 04:11:46.501000+00:00,"4 km ESE of Ōmiya, Japan",earthquake,7.61,7.472,0.051,116.0,reviewed,us,us,6,Weak,Ōmiya
2025-06-25 11:28:59.732000+00:00,30.0057,142.5793,10.0,4.4,mb,38.0,157.0,2.92,0.96,us,us7000q8nl,2025-07-13 04:56:03.040000+00:00,"Izu Islands, Japan region",earthquake,9.82,1.919,0.101,28.0,reviewed,us,us,6,Weak,Izu Islands
2025-06-25 10:39:14.148000+00:00,29.1776,129.4011,10.0,4.5,mb,66.0,56.0,2.495,0.51,us,us7000q8nd,2025-07-10 09:37:41.040000+00:00,"82 km NNW of Tatsugō, Japan",earthquake,6.84,1.895,0.08,46.0,reviewed,us,us,6,Weak,Tatsugō
2025-06-25 09:08:47.775000+00:00,36.576,143.8286,10.0,4.7,mww,148.0,125.0,4.524,0.48,us,us7000q8n0,2025-07-10 07:45:10.040000+00:00,"264 km ESE of Tomioka, Japan",earthquake,5.87,1.652,0.093,11.0,reviewed,us,us,6,Weak,Tomioka
2025-06-25 05:47:25.830000+00:00,29.3455,129.404,10.0,4.5,mb,44.0,111.0,2.339,0.96,us,us7000q8m5,2025-06-25 06:52:59.040000+00:00,"101 km N of Tatsugō, Japan",earthquake,4.93,1.9,0.078,48.0,reviewed,us,us,6,Weak,Tatsugō
2025-06-25 04:51:28.873000+00:00,36.5056,140.5946,62.943,4.4,mb,48.0,148.0,1.926,0.74,us,us7000q8lu,2025-07-13 04:03:43.102000+00:00,"4 km NNE of Funaishikawa, Japan",earthquake,3.21,8.268,0.093,33.0,reviewed,us,us,6,Weak,Funaishikawa
2025-06-25 00:45:17.121000+00:00,30.0272,131.2318,35.0,4.5,mb,27.0,141.0,1.622,0.51,us,us7000qb0u,2025-07-07 22:19:47.040000+00:00,"68 km SE of Koseda, Japan",earthquake,4.87,1.938,0.124,19.0,reviewed,us,us,6,Weak,Koseda
2025-06-24 15:40:54.040000+00:00,29.283,129.3546,10.0,4.1,mb,23.0,108.0,2.413,1.07,us,us7000qawn,2025-07-17 15:56:51.040000+00:00,"95 km NNW of Tatsugō, Japan",earthquake,6.82,1.907,0.157,13.0,reviewed,us,us,6,Weak,Tatsugō
2025-06-24 13:03:33.716000+00:00,29.3138,129.4862,10.0,4.2,mb,22.0,116.0,2.342,0.83,us,us7000qawf,2025-07-16 19:08:22.040000+00:00,"96 km N of Tatsugō, Japan",earthquake,7.54,1.909,0.152,12.0,reviewed,us,us,6,Weak,Tatsugō
2025-06-24 07:54:09.531000+00:00,29.2029,129.3592,10.0,4.5,mb,37.0,108.0,2.485,0.47,us,us7000q8dm,2025-07-16 14:10:18.040000+00:00,"86 km NNW of Tatsugō, Japan",earthquake,7.24,1.89,0.108,25.0,reviewed,us,us,6,Weak,Tatsugō
2025-06-24 07:04:14.355000+00:00,29.3177,129.3656,10.0,5.1,mww,93.0,85.0,2.377,1.02,us,us7000q8dd,2025-07-15 06:24:17.040000+00:00,"98 km NNW of Tatsugō, Japan",earthquake,6.06,1.816,0.08,15.0,reviewed,us,us,6,Medium,Tatsugō
2025-06-23 17:55:12.519000+00:00,42.2035,144.6299,34.552,4.8,mb,77.0,126.0,1.112,0.91,us,us7000q88q,2025-07-05 17:38:06.040000+00:00,"88 km SSE of Kushiro, Japan",earthquake,7.79,5.519,0.041,183.0,reviewed,us,us,6,Weak,Kushiro
2025-06-23 17:23:29.381000+00:00,29.3425,129.3401,10.0,5.0,mww,58.0,87.0,2.364,0.72,us,us7000q88k,2025-07-05 17:31:08.040000+00:00,"102 km NNW of Tatsugō, Japan",earthquake,5.12,1.84,0.059,28.0,reviewed,us,us,6,Medium,Tatsugō
2025-06-23 15:08:19.044000+00:00,29.0712,129.8683,10.0,4.4,mb,26.0,117.0,2.482,0.67,us,us7000qapv,2025-07-08 15:56:17.040000+00:00,"73 km NNE of Tatsugō, Japan",earthquake,8.25,1.915,0.138,15.0,reviewed,us,us,6,Weak,Tatsugō
2025-06-23 14:46:56.645000+00:00,29.2721,129.5069,10.0,4.5,mb,43.0,111.0,2.375,0.99,us,us7000q863,2025-07-08 15:47:47.040000+00:00,"91 km N of Tatsugō, Japan",earthquake,7.16,1.914,0.104,27.0,reviewed,us,us,6,Weak,Tatsugō
2025-06-23 14:36:18.769000+00:00,29.3027,129.5391,10.0,5.1,mww,121.0,98.0,2.336,0.75,us,us6000qlyq,2025-07-08 15:45:15.040000+00:00,"94 km N of Tatsugō, Japan",earthquake,6.22,1.025,0.052,35.0,reviewed,us,us,6,Medium,Tatsugō
2025-06-23 14:17:52.821000+00:00,29.2823,129.3891,10.0,4.5,mb,74.0,108.0,2.402,0.49,us,us6000qlyn,2025-07-08 15:40:20.040000+00:00,"94 km NNW of Tatsugō, Japan",earthquake,6.98,1.866,0.074,54.0,reviewed,us,us,6,Weak,Tatsugō
2025-06-23 13:45:23.189000+00:00,29.2758,129.5665,10.0,4.3,mb,39.0,112.0,2.354,0.64,us,us7000qapq,2025-07-08 15:32:36.040000+00:00,"91 km N of Tatsugō, Japan",earthquake,5.37,1.916,0.104,26.0,reviewed,us,us,6,Weak,Tatsugō
2025-06-23 13:40:48.266000+00:00,29.3616,129.3346,10.0,4.4,mb,50.0,108.0,2.348,0.6,us,us6000qlyg,2025-07-08 15:14:14.040000+00:00,"104 km NNW of Tatsugō, Japan",earthquake,7.27,1.834,0.095,32.0,reviewed,us,us,6,Weak,Tatsugō
2025-06-23 09:40:49.499000+00:00,41.9926,142.318,69.874,4.1,mb,45.0,107.0,0.626,0.55,us,us6000qlxb,2025-06-23 10:12:34.040000+00:00,"38 km S of Shizunai-furukawachō, Japan",earthquake,5.74,3.232,0.094,31.0,reviewed,us,us,6,Weak,Shizunai-furukawachō
2025-06-23 08:48:27.692000+00:00,29.1634,129.4221,10.0,4.3,mb,24.0,109.0,2.502,0.45,us,us7000qapg,2025-07-17 16:44:39.040000+00:00,"80 km NNW of Tatsugō, Japan",earthquake,7.73,1.906,0.178,9.0,reviewed,us,us,6,Weak,Tatsugō
2025-06-23 07:56:31.194000+00:00,29.1271,129.6342,10.0,4.2,mb,29.0,113.0,2.477,0.39,us,us7000qapf,2025-07-17 16:36:55.040000+00:00,"75 km N of Tatsugō, Japan",earthquake,7.86,1.913,0.136,15.0,reviewed,us,us,6,Weak,Tatsugō
2025-06-23 07:50:56.991000+00:00,29.3256,129.5979,10.0,4.5,mb,50.0,112.0,2.298,0.37,us,us6000qlxp,2025-07-16 13:02:59.040000+00:00,"97 km N of Tatsugō, Japan",earthquake,5.49,1.886,0.089,37.0,reviewed,us,us,6,Weak,Tatsugō
2025-06-23 07:46:17.544000+00:00,29.2136,129.5771,10.0,4.9,mb,118.0,85.0,2.41,0.42,us,us6000qlx3,2025-07-16 13:37:56.040000+00:00,"84 km N of Tatsugō, Japan",earthquake,5.69,1.864,0.054,109.0,reviewed,us,us,6,Weak,Tatsugō
2025-06-23 04:45:56.278000+00:00,29.2812,129.4483,10.0,4.3,mb,30.0,110.0,2.384,0.62,us,us7000qapa,2025-07-15 03:52:52.040000+00:00,"93 km N of Tatsugō, Japan",earthquake,7.82,1.917,0.125,18.0,reviewed,us,us,6,Weak,Tatsugō
2025-06-23 04:24:26.298000+00:00,29.2783,129.241,16.37,4.3,mb,32.0,108.0,2.458,0.33,us,us6000qlwq,2025-07-15 03:33:12.040000+00:00,"98 km NNW of Tatsugō, Japan",earthquake,7.26,4.22,0.122,19.0,reviewed,us,us,6,Weak,Tatsugō
2025-06-23 01:16:11.252000+00:00,29.2959,129.4315,16.063,4.2,mb,19.0,110.0,2.376,1.05,us,us7000qaq4,2025-07-14 04:23:30.040000+00:00,"95 km N of Tatsugō, Japan",earthquake,8.51,5.266,0.167,10.0,reviewed,us,us,6,Weak,Tatsugō
2025-06-23 01:13:17.509000+00:00,29.3266,129.2927,8.12,4.5,mb,70.0,108.0,2.395,0.36,us,us6000qlvq,2025-07-14 04:45:17.040000+00:00,"101 km NNW of Tatsugō, Japan",earthquake,7.48,4.534,0.075,52.0,reviewed,us,us,6,Weak,Tatsugō
2025-06-22 21:33:00.071000+00:00,41.463,140.7428,155.513,4.2,mb,31.0,87.0,0.715,0.31,us,us6000qlun,2025-07-15 21:47:38.040000+00:00,"10 km WNW of Sai, Japan",earthquake,9.62,8.483,0.12,19.0,reviewed,us,us,6,Weak,Sai
2025-06-22 21:22:44.171000+00:00,29.296,129.2675,10.0,4.4,mb,35.0,78.0,2.432,0.73,us,us6000qlul,2025-07-15 21:42:51.040000+00:00,"99 km NNW of Tatsugō, Japan",earthquake,6.01,1.602,0.114,22.0,reviewed,us,us,6,Weak,Tatsugō
2025-06-22 18:32:42.215000+00:00,29.3391,129.3935,10.0,4.7,mb,62.0,108.0,2.348,0.41,us,us6000qlu4,2025-07-05 16:57:46.040000+00:00,"100 km NNW of Tatsugō, Japan",earthquake,6.97,1.878,0.057,93.0,reviewed,us,us,6,Weak,Tatsugō
2025-06-22 09:11:25.394000+00:00,29.3483,130.5906,42.233,4.5,mb,43.0,108.0,2.157,0.64,us,us6000qlri,2025-07-15 12:51:06.040000+00:00,"98 km S of Koshima, Japan",earthquake,6.79,8.102,0.097,31.0,reviewed,us,us,6,Weak,Koshima
2025-06-22 08:58:46.370000+00:00,29.3883,129.4888,10.0,4.3,mb,36.0,114.0,6.847,0.78,us,us7000qap3,2025-07-10 11:09:17.040000+00:00,"104 km N of Tatsugō, Japan",earthquake,11.37,1.82,0.097,30.0,reviewed,us,us,6,Weak,Tatsugō
2025-06-22 08:57:57.717000+00:00,29.2121,129.4659,10.0,4.3,mb,25.0,123.0,2.443,0.91,us,us7000qand,2025-07-05 06:33:15.040000+00:00,"85 km N of Tatsugō, Japan",earthquake,8.51,1.912,0.129,17.0,reviewed,us,us,6,Weak,Tatsugō
2025-06-22 08:29:52.049000+00:00,29.2949,129.4832,10.0,4.2,mb,28.0,125.0,2.36,0.84,us,us7000qanb,2025-07-05 06:00:06.040000+00:00,"94 km N of Tatsugō, Japan",earthquake,8.47,1.916,0.118,20.0,reviewed,us,us,6,Weak,Tatsugō
2025-06-22 08:15:04.716000+00:00,29.2979,129.4444,10.0,5.0,mww,92.0,84.0,2.37,0.88,us,us6000qlr7,2025-07-06 11:54:21.040000+00:00,"95 km N of Tatsugō, Japan",earthquake,5.49,1.855,0.069,20.0,reviewed,us,us,6,Medium,Tatsugō
2025-06-22 05:27:03.835000+00:00,29.3918,129.2546,10.0,4.6,mb,44.0,106.0,2.35,0.8,us,us6000qlqp,2025-07-06 11:02:56.040000+00:00,"109 km NNW of Tatsugō, Japan",earthquake,7.27,1.875,0.068,64.0,reviewed,us,us,6,Weak,Tatsugō
2025-06-22 04:37:51.434000+00:00,29.2788,129.5414,10.0,4.4,mb,18.0,142.0,2.358,0.95,us,us6000qlqk,2025-07-10 23:51:20.040000+00:00,"92 km N of Tatsugō, Japan",earthquake,5.11,1.835,0.155,12.0,reviewed,us,us,6,Weak,Tatsugō
2025-06-22 03:43:59.536000+00:00,29.3405,129.3615,10.0,4.4,mb,40.0,89.0,2.358,0.79,us,us6000qlq8,2025-07-10 23:44:55.040000+00:00,"101 km NNW of Tatsugō, Japan",earthquake,7.71,1.86,0.095,33.0,reviewed,us,us,6,Weak,Tatsugō
2025-06-22 03:37:19.632000+00:00,29.2824,129.3047,10.0,4.6,mb,31.0,108.0,2.431,1.08,us,us6000qlq7,2025-07-10 23:42:38.040000+00:00,"96 km NNW of Tatsugō, Japan",earthquake,7.61,1.918,0.113,24.0,reviewed,us,us,6,Weak,Tatsugō
2025-06-22 03:12:25.050000+00:00,29.343,129.308,10.0,4.8,mb,47.0,69.0,2.375,1.15,us,us6000qlq1,2025-07-10 23:38:21.040000+00:00,"102 km NNW of Tatsugō, Japan",earthquake,6.56,1.781,0.065,73.0,reviewed,us,us,6,Weak,Tatsugō
2025-06-22 00:15:42.782000+00:00,29.3037,129.4602,10.0,4.7,mb,77.0,87.0,2.359,0.73,us,us6000qlph,2025-07-11 04:24:17.040000+00:00,"95 km N of Tatsugō, Japan",earthquake,6.89,1.856,0.072,58.0,reviewed,us,us,6,Weak,Tatsugō
2025-06-21 22:27:27.885000+00:00,29.4276,129.1139,10.0,4.5,mb,25.0,109.0,2.375,0.71,us,us6000qlp9,2025-07-07 21:16:29.040000+00:00,"118 km NNW of Tatsugō, Japan",earthquake,5.61,1.852,0.144,14.0,reviewed,us,us,6,Weak,Tatsugō
2025-06-21 20:53:15.999000+00:00,29.187,129.4981,10.0,4.7,mww,55.0,116.0,2.457,1.18,us,us6000qlny,2025-07-06 23:39:35.040000+00:00,"82 km N of Tatsugō, Japan",earthquake,5.87,1.902,0.08,15.0,reviewed,us,us,6,Weak,Tatsugō
2025-06-21 20:25:41.605000+00:00,29.2336,129.0476,10.0,4.4,mb,25.0,127.0,2.485,0.82,us,us7000qai1,2025-07-08 02:54:25.040000+00:00,"102 km NNW of Tatsugō, Japan",earthquake,9.25,1.908,0.162,13.0,reviewed,us,us,6,Weak,Tatsugō
2025-06-21 20:24:36.444000+00:00,29.3526,129.3488,10.0,4.5,mb,37.0,89.0,2.351,0.9,us,us6000qlnq,2025-07-06 04:06:44.040000+00:00,"102 km NNW of Tatsugō, Japan",earthquake,7.28,1.907,0.089,37.0,reviewed,us,us,6,Weak,Tatsugō
2025-06-21 17:52:08.102000+00:00,29.2727,129.4856,10.0,4.5,mb,93.0,108.0,2.381,0.53,us,us6000qlnb,2025-07-16 18:48:57.040000+00:00,"91 km N of Tatsugō, Japan",earthquake,3.2,1.859,0.062,81.0,reviewed,us,us,6,Weak,Tatsugō
2025-06-21 14:10:56.603000+00:00,29.3327,129.291,10.0,4.5,mb,42.0,66.0,2.39,0.72,us,us6000qlmi,2025-07-14 12:57:12.040000+00:00,"102 km NNW of Tatsugō, Japan",earthquake,7.23,1.893,0.106,30.0,reviewed,us,us,6,Weak,Tatsugō
2025-06-20 18:09:48.229000+00:00,31.3065,138.4408,363.726,4.4,mb,99.0,94.0,2.146,0.58,us,us6000qlhn,2025-07-12 21:34:51.040000+00:00,"Izu Islands, Japan region",earthquake,7.5,7.322,0.05,120.0,reviewed,us,us,6,Weak,Izu Islands
2025-06-20 10:54:58.175000+00:00,35.6682,140.1503,73.845,4.4,mb,28.0,126.0,1.798,0.64,us,us7000qagh,2025-07-17 17:31:10.040000+00:00,"2 km NW of Yotsukaidō, Japan",earthquake,4.86,9.245,0.155,12.0,reviewed,us,us,6,Weak,Yotsukaidō
2025-06-20 00:45:52.613000+00:00,34.7355,140.7115,49.896,4.4,mb,21.0,156.0,1.78,0.78,us,us6000qlcz,2025-07-13 23:31:15.040000+00:00,"58 km SE of Katsuura, Japan",earthquake,7.54,9.481,0.18,9.0,reviewed,us,us,6,Weak,Katsuura
2025-06-19 08:46:00.088000+00:00,28.126,129.6949,35.0,4.4,mb,31.0,114.0,1.802,0.7,us,us6000ql77,2025-07-06 12:30:11.040000+00:00,"33 km SE of Naze, Japan",earthquake,6.37,1.927,0.12,20.0,reviewed,us,us,6,Weak,Naze
2025-06-19 07:37:03.739000+00:00,33.6428,139.4938,10.0,4.7,mb,63.0,102.0,0.59,0.66,us,us6000ql6y,2025-07-06 09:31:47.040000+00:00,"125 km SSE of Shimoda, Japan",earthquake,5.4,1.888,0.089,38.0,reviewed,us,us,6,Weak,Shimoda
2025-06-19 01:53:37.663000+00:00,40.7832,142.2579,54.203,4.2,mb,56.0,135.0,0.906,0.71,us,us6000ql5m,2025-07-11 03:01:20.040000+00:00,"71 km ENE of Hachinohe, Japan",earthquake,7.13,7.576,0.088,36.0,reviewed,us,us,6,Weak,Hachinohe
2025-06-18 12:30:12.644000+00:00,32.0487,131.8488,51.411,4.8,mb,73.0,119.0,1.305,1.19,us,us6000ql0e,2025-07-06 07:48:39.040000+00:00,"34 km ESE of Takanabe, Japan",earthquake,6.83,7.434,0.076,54.0,reviewed,us,us,6,Weak,Takanabe
2025-06-17 06:21:34.604000+00:00,26.7438,139.342,580.248,4.0,mb,63.0,104.0,2.562,0.64,us,us6000qkrm,2025-07-08 13:00:54.040000+00:00,"Bonin Islands, Japan region",earthquake,11.87,8.443,0.07,55.0,reviewed,us,us,6,Weak,Bonin Islands
2025-06-17 02:07:22.624000+00:00,34.4204,140.2268,114.964,4.1,mb,29.0,135.0,1.347,0.48,us,us6000qkqx,2025-07-08 05:13:39.040000+00:00,"70 km SSE of Tateyama, Japan",earthquake,10.52,8.881,0.127,17.0,reviewed,us,us,6,Weak,Tateyama
2025-06-14 10:47:01.673000+00:00,38.5813,142.0012,58.365,5.0,mww,79.0,124.0,2.321,0.71,us,us6000qk9r,2025-07-09 13:09:28.849000+00:00,"50 km ENE of Onagawa Chō, Japan",earthquake,8.31,5.914,0.083,14.0,reviewed,us,us,6,Medium,Onagawa Chō
2025-06-14 04:21:50.864000+00:00,30.5605,141.6086,10.0,4.6,mb,46.0,119.0,2.97,0.73,us,us6000qk7w,2025-07-06 00:48:35.040000+00:00,"Izu Islands, Japan region",earthquake,9.75,1.886,0.098,32.0,reviewed,us,us,6,Weak,Izu Islands
2025-06-13 06:18:29.891000+00:00,35.5966,140.1057,70.015,4.5,mb,48.0,130.0,1.803,0.84,us,us6000qk1a,2025-06-29 05:11:38.673000+00:00,"1 km WSW of Chiba, Japan",earthquake,7.75,7.222,0.048,126.0,reviewed,us,us,6,Weak,Chiba
2025-06-13 01:28:01.005000+00:00,27.1927,140.1665,457.226,4.5,mb,95.0,53.0,1.801,0.68,us,us6000qk04,2025-07-05 23:10:45.040000+00:00,"Bonin Islands, Japan region",earthquake,10.72,6.82,0.03,327.0,reviewed,us,us,6,Weak,Bonin Islands
2025-06-12 21:30:04.266000+00:00,25.1664,126.9831,25.228,4.3,mb,31.0,90.0,2.027,0.71,us,us6000qjy5,2025-07-01 00:06:20.040000+00:00,"126 km SSW of Itoman, Japan",earthquake,7.15,6.382,0.117,22.0,reviewed,us,us,6,Weak,Itoman
2025-06-12 18:02:26.863000+00:00,39.1743,142.0205,50.711,4.1,mb,34.0,154.0,1.772,0.36,us,us6000qjwg,2025-06-27 14:37:59.040000+00:00,"17 km SE of Kamaishi, Japan",earthquake,8.59,9.309,0.127,18.0,reviewed,us,us,6,Weak,Kamaishi
2025-06-12 03:49:20.169000+00:00,33.5438,138.2464,10.0,4.9,mww,97.0,53.0,1.38,0.87,us,us6000qjqx,2025-07-04 02:18:35.040000+00:00,"117 km S of Ōyama, Japan",earthquake,4.66,1.81,0.08,15.0,reviewed,us,us,6,Weak,Ōyama
2025-06-11 20:59:44.257000+00:00,28.2001,140.7287,161.957,4.6,mb,82.0,43.0,1.696,0.93,us,us6000qjp0,2025-06-26 15:53:16.040000+00:00,"Bonin Islands, Japan region",earthquake,10.09,6.356,0.038,207.0,reviewed,us,us,6,Weak,Bonin Islands
2025-06-11 15:37:26.131000+00:00,28.335,142.823,10.0,4.5,mb,17.0,158.0,1.358,1.03,us,us7000q8rp,2025-07-01 19:56:23.040000+00:00,"Bonin Islands, Japan region",earthquake,9.35,1.947,0.191,8.0,reviewed,us,us,6,Weak,Bonin Islands
2025-06-11 09:30:42.851000+00:00,42.3031,144.5453,37.615,4.6,mb,123.0,134.0,1.072,0.56,us,us6000qjiw,2025-07-04 08:07:45.040000+00:00,"75 km S of Kushiro, Japan",earthquake,8.55,7.318,0.055,99.0,reviewed,us,us,6,Weak,Kushiro
2025-06-10 18:14:25.820000+00:00,37.5117,139.5985,130.891,4.2,mb,103.0,94.0,1.474,0.8,us,us6000qjen,2025-06-25 19:50:38.040000+00:00,"10 km W of Yanaizu, Japan",earthquake,7.34,6.293,0.056,88.0,reviewed,us,us,6,Weak,Yanaizu
2025-06-10 00:40:55.261000+00:00,30.8997,136.0842,10.0,4.2,mb,25.0,69.0,3.386,0.45,us,us7000q8qb,2025-07-01 22:33:07.040000+00:00,"286 km S of Kushimoto, Japan",earthquake,8.01,1.917,0.16,11.0,reviewed,us,us,6,Weak,Kushimoto
2025-06-08 23:15:17.796000+00:00,35.6406,140.1532,69.473,4.3,mb,36.0,130.0,1.813,0.54,us,us7000q886,2025-07-01 21:38:02.040000+00:00,"1 km SW of Yotsukaidō, Japan",earthquake,7.6,8.495,0.122,19.0,reviewed,us,us,6,Weak,Yotsukaidō
2025-06-08 09:58:02.502000+00:00,36.5124,140.5796,64.073,4.2,mb,28.0,153.0,1.91,0.67,us,us7000q87f,2025-06-29 11:24:18.040000+00:00,"5 km NNE of Funaishikawa, Japan",earthquake,8.17,8.847,0.137,15.0,reviewed,us,us,6,Weak,Funaishikawa
2025-06-07 14:46:15.877000+00:00,35.8757,135.555,352.502,4.1,mb,130.0,29.0,1.311,0.77,us,us6000qiqh,2025-06-28 14:43:01.040000+00:00,"33 km NE of Kameshima, Japan",earthquake,7.35,6.281,0.044,142.0,reviewed,us,us,6,Weak,Kameshima
2025-06-07 08:26:51.374000+00:00,25.2719,123.9569,115.37,4.3,mb,40.0,117.0,0.924,0.68,us,us6000qip1,2025-07-02 06:32:41.040000+00:00,"100 km NW of Tarama, Japan",earthquake,6.32,8.473,0.097,30.0,reviewed,us,us,6,Weak,Tarama
2025-06-07 05:40:19.043000+00:00,41.2787,142.398,54.639,4.5,mb,84.0,141.0,0.93,0.45,us,us6000qimm,2025-07-02 05:56:58.040000+00:00,"98 km ENE of Yokohama, Japan",earthquake,7.14,7.655,0.067,66.0,reviewed,us,us,6,Weak,Yokohama
2025-06-06 20:35:57.317000+00:00,42.2361,144.3767,45.594,4.2,mb,75.0,134.0,0.934,0.53,us,us6000qijq,2025-07-03 15:18:22.040000+00:00,"82 km S of Kushiro, Japan",earthquake,8.48,7.749,0.069,58.0,reviewed,us,us,6,Weak,Kushiro
2025-06-06 04:48:01.405000+00:00,37.133,136.4925,10.0,4.4,mb,28.0,62.0,1.493,0.91,us,us6000qlgs,2025-06-21 00:22:18.040000+00:00,"37 km WSW of Anamizu, Japan",earthquake,7.33,1.865,0.092,35.0,reviewed,us,us,6,Weak,Anamizu
2025-06-05 14:51:26.226000+00:00,37.8282,141.6018,66.961,4.5,mwr,57.0,134.0,2.986,0.91,us,us6000qi4w,2025-07-11 19:20:10.040000+00:00,"59 km ENE of Minami-Sōma, Japan",earthquake,9.48,6.303,0.071,19.0,reviewed,us,us,6,Weak,Minami-Sōma
2025-06-04 20:18:26.595000+00:00,42.2593,144.5193,37.375,4.1,mb,36.0,86.0,1.042,0.63,us,us6000qhze,2025-06-19 20:36:24.040000+00:00,"80 km S of Kushiro, Japan",earthquake,8.23,8.142,0.114,21.0,reviewed,us,us,6,Weak,Kushiro
2025-06-04 19:55:19.879000+00:00,42.3005,144.6126,41.853,4.5,mb,74.0,134.0,1.119,0.7,us,us6000qhyp,2025-07-10 19:19:29.040000+00:00,"77 km SSE of Kushiro, Japan",earthquake,3.15,7.024,0.052,108.0,reviewed,us,us,6,Weak,Kushiro
2025-06-04 19:20:21.965000+00:00,42.2196,144.5656,29.324,4.1,mb,25.0,173.0,1.068,0.45,us,us6000qlal,2025-06-19 20:30:35.040000+00:00,"85 km S of Kushiro, Japan",earthquake,8.26,7.771,0.134,15.0,reviewed,us,us,6,Weak,Kushiro
2025-06-04 16:49:51.811000+00:00,28.7551,130.0955,35.0,4.3,mb,27.0,129.0,2.502,0.68,us,us6000qlah,2025-06-22 05:19:21.040000+00:00,"59 km NE of Tatsugō, Japan",earthquake,7.42,1.906,0.119,20.0,reviewed,us,us,6,Weak,Tatsugō
2025-06-04 16:44:32.710000+00:00,28.7363,130.171,35.0,4.3,mb,43.0,122.0,2.532,0.49,us,us6000qhxv,2025-06-27 01:48:26.040000+00:00,"64 km ENE of Tatsugō, Japan",earthquake,3.32,1.928,0.109,24.0,reviewed,us,us,6,Weak,Tatsugō
2025-06-04 02:39:41.090000+00:00,29.6178,140.6583,127.992,4.6,mb,73.0,99.0,2.85,0.94,us,us6000qhu1,2025-06-26 22:30:55.040000+00:00,"Izu Islands, Japan region",earthquake,9.7,7.785,0.068,64.0,reviewed,us,us,6,Weak,Izu Islands
2025-06-03 15:15:34.239000+00:00,38.0671,142.0114,59.785,4.3,mb,50.0,122.0,2.816,0.49,us,us6000qhpn,2025-07-05 16:44:18.040000+00:00,"64 km SE of Onagawa Chō, Japan",earthquake,3.89,7.627,0.091,38.0,reviewed,us,us,6,Weak,Onagawa Chō
2025-06-03 13:18:28.018000+00:00,41.7865,143.4834,42.826,5.1,mww,192.0,79.0,0.334,0.54,us,us6000qhnr,2025-07-05 16:59:56.040000+00:00,"57 km SSE of Hiroo, Japan",earthquake,5.83,1.884,0.069,20.0,reviewed,us,us,6,Medium,Hiroo
2025-06-03 11:17:52.897000+00:00,33.2906,132.2414,50.631,4.5,mb,62.0,81.0,1.435,0.65,us,us6000qhm7,2025-06-26 09:07:17.651000+00:00,"25 km SW of Yawatahama, Japan",earthquake,5.48,7.525,0.067,67.0,reviewed,us,us,6,Weak,Yawatahama
2025-06-02 06:46:08.858000+00:00,37.9638,141.7045,61.83,4.4,mb,76.0,124.0,2.865,0.67,us,us6000qhdi,2025-07-01 19:16:38.040000+00:00,"58 km SSE of Onagawa Chō, Japan",earthquake,8.29,6.024,0.066,66.0,reviewed,us,us,6,Weak,Onagawa Chō
2025-06-02 02:31:19.184000+00:00,38.4427,142.1787,28.908,4.7,mb,145.0,112.0,2.497,0.64,us,us6000qhc1,2025-07-01 19:12:52.040000+00:00,"63 km E of Onagawa Chō, Japan",earthquake,7.94,4.458,0.051,118.0,reviewed,us,us,6,Weak,Onagawa Chō
2025-06-01 19:08:34.332000+00:00,41.7821,143.6015,37.308,4.7,mb,68.0,76.0,0.405,0.62,us,us6000qhag,2025-06-20 12:41:30.040000+00:00,"60 km SSE of Hiroo, Japan",earthquake,5.97,5.997,0.044,157.0,reviewed,us,us,6,Weak,Hiroo
2025-06-01 18:51:52.960000+00:00,41.7431,143.6866,27.0,5.8,mww,128.0,95.0,0.48,0.87,us,us6000qhaf,2025-06-19 16:30:51.174000+00:00,"68 km SSE of Hiroo, Japan",earthquake,6.18,1.061,0.061,26.0,reviewed,us,us,6,Medium,Hiroo
2025-06-01 12:55:53.506000+00:00,37.5417,144.0539,10.0,4.6,mb,125.0,121.0,3.989,0.65,us,us6000qh96,2025-06-24 13:57:08.040000+00:00,"249 km ESE of Onagawa Chō, Japan",earthquake,8.57,1.88,0.052,111.0,reviewed,us,us,6,Weak,Onagawa Chō
2025-06-01 11:25:42.491000+00:00,42.3287,144.4751,35.019,4.1,mb,33.0,175.0,1.029,1.07,us,us6000qkui,2025-06-23 09:13:16.040000+00:00,"72 km S of Kushiro, Japan",earthquake,7.64,8.98,0.111,22.0,reviewed,us,us,6,Weak,Kushiro
2025-05-31 14:47:01.387000+00:00,42.2532,144.5659,35.0,4.4,mb,84.0,132.0,1.075,0.65,us,us6000qh38,2025-07-04 13:48:31.040000+00:00,"81 km S of Kushiro, Japan",earthquake,6.8,1.922,0.067,69.0,reviewed,us,us,5,Weak,Kushiro
2025-05-31 12:29:02.040000+00:00,42.2717,144.5511,35.46,4.8,mb,80.0,133.0,1.068,1.03,us,us6000qh2r,2025-06-19 11:00:42.040000+00:00,"79 km S of Kushiro, Japan",earthquake,7.51,7.204,0.029,365.0,reviewed,us,us,5,Weak,Kushiro
2025-05-31 11:40:40.327000+00:00,42.2673,144.4403,46.002,4.3,mb,39.0,165.0,0.987,0.58,us,us6000qkml,2025-06-18 06:11:47.040000+00:00,"78 km S of Kushiro, Japan",earthquake,6.6,7.142,0.113,22.0,reviewed,us,us,5,Weak,Kushiro
2025-05-31 11:37:06.808000+00:00,42.3653,144.4693,48.568,4.8,mb,85.0,123.0,1.036,0.64,us,us6000qh2g,2025-06-19 10:56:40.040000+00:00,"68 km S of Kushiro, Japan",earthquake,7.54,6.899,0.028,404.0,reviewed,us,us,5,Weak,Kushiro
2025-05-31 11:28:49.883000+00:00,30.4303,138.6854,421.474,4.5,mb,97.0,123.0,2.844,0.74,us,us6000qh2e,2025-06-19 07:14:59.040000+00:00,"Izu Islands, Japan region",earthquake,11.43,8.1,0.033,265.0,reviewed,us,us,5,Weak,Izu Islands
2025-05-31 08:56:38.393000+00:00,42.2948,144.4065,35.0,4.1,mb,23.0,144.0,0.97,0.83,us,us6000qkmp,2025-06-18 05:47:35.040000+00:00,"75 km S of Kushiro, Japan",earthquake,8.84,1.95,0.174,9.0,reviewed,us,us,5,Weak,Kushiro
2025-05-31 08:49:49.113000+00:00,42.2959,144.652,35.0,4.5,mb,90.0,132.0,1.146,0.89,us,us6000qh1w,2025-06-18 05:45:39.040000+00:00,"78 km SSE of Kushiro, Japan",earthquake,7.47,1.485,0.063,74.0,reviewed,us,us,5,Weak,Kushiro
2025-05-31 08:48:10.139000+00:00,42.1257,144.7242,35.0,4.2,mb,16.0,183.0,1.172,1.07,us,us6000qknc,2025-06-18 05:38:19.040000+00:00,"98 km SSE of Kushiro, Japan",earthquake,8.16,1.981,0.215,6.0,reviewed,us,us,5,Weak,Kushiro
2025-05-31 08:44:00.414000+00:00,42.3146,144.4608,35.0,4.4,mb,20.0,152.0,1.014,0.65,us,us6000qkmn,2025-06-18 05:35:17.040000+00:00,"73 km S of Kushiro, Japan",earthquake,5.71,1.952,0.149,13.0,reviewed,us,us,5,Weak,Kushiro
2025-05-31 08:37:17.097000+00:00,42.2705,144.4895,21.0,6.0,mww,138.0,55.0,1.023,0.71,us,us6000qh1r,2025-06-18 05:18:45.294000+00:00,"78 km S of Kushiro, Japan",earthquake,7.27,1.885,0.056,31.0,reviewed,us,us,5,Medium,Kushiro
2025-05-30 19:22:05.070000+00:00,41.5672,142.1152,59.846,4.3,mb,84.0,122.0,0.898,0.74,us,us6000qgyt,2025-06-13 21:08:23.040000+00:00,"81 km ENE of Mutsu, Japan",earthquake,6.58,7.974,0.065,67.0,reviewed,us,us,5,Weak,Mutsu
2025-05-30 18:14:23.818000+00:00,28.1609,131.0341,10.0,4.5,mb,69.0,121.0,2.338,0.65,us,us6000qgyd,2025-06-13 21:06:27.040000+00:00,"144 km ESE of Tatsugō, Japan",earthquake,7.08,1.867,0.078,50.0,reviewed,us,us,5,Weak,Tatsugō
2025-05-30 16:47:21.937000+00:00,38.9489,141.9613,67.609,4.1,mb,16.0,201.0,1.964,0.56,us,us6000qgxz,2025-05-31 14:54:01.040000+00:00,"25 km ESE of Ōfunato, Japan",earthquake,9.12,8.361,0.214,6.0,reviewed,us,us,5,Weak,Ōfunato
2025-05-30 15:01:56.632000+00:00,32.788,136.9309,408.66,4.2,mb,131.0,101.0,2.445,0.73,us,us6000qgx4,2025-06-21 20:09:53.040000+00:00,"131 km SE of Kushimoto, Japan",earthquake,8.77,7.757,0.046,133.0,reviewed,us,us,5,Weak,Kushimoto
2025-05-29 06:28:59.214000+00:00,35.998,137.4035,10.0,4.3,mb,31.0,133.0,0.395,0.68,us,us6000qjvi,2025-06-13 09:49:25.040000+00:00,"20 km SE of Takayama, Japan",earthquake,3.03,1.914,0.143,14.0,reviewed,us,us,5,Weak,Takayama
2025-05-27 12:23:50.281000+00:00,41.5422,142.0961,67.15,4.4,mb,67.0,116.0,0.923,0.54,us,us7000q1rx,2025-06-19 11:52:38.040000+00:00,"78 km ENE of Mutsu, Japan",earthquake,2.79,7.356,0.071,58.0,reviewed,us,us,5,Weak,Mutsu
2025-05-27 01:09:59.986000+00:00,35.7227,140.5713,53.007,4.1,mb,15.0,228.0,0.464,0.55,us,us6000qjnx,2025-06-17 04:26:46.040000+00:00,"1 km ENE of Sōsa, Japan",earthquake,8.31,9.604,0.213,6.0,reviewed,us,us,5,Weak,Sōsa
2025-05-26 15:33:03.268000+00:00,36.1364,141.1767,46.686,4.3,mb,24.0,161.0,2.43,0.93,us,us7000q1l0,2025-06-16 19:47:49.108000+00:00,"51 km ENE of Kashima-shi, Japan",earthquake,9.0,9.216,0.161,11.0,reviewed,us,us,5,Weak,Kashima-shi
2025-05-26 14:30:43.876000+00:00,42.3166,142.9403,59.96,4.5,mb,136.0,66.0,0.342,0.62,us,us7000q1kp,2025-06-16 19:43:34.250000+00:00,"20 km N of Honchō, Japan",earthquake,6.87,5.196,0.046,136.0,reviewed,us,us,5,Weak,Honchō
2025-05-26 08:47:44.855000+00:00,42.2681,143.1149,65.431,5.3,mww,243.0,40.0,0.255,0.47,us,us7000q1ib,2025-07-16 07:11:08.040000+00:00,"15 km W of Hiroo, Japan",earthquake,5.83,4.454,0.062,25.0,reviewed,us,us,5,Medium,Hiroo
2025-05-26 00:56:16.171000+00:00,38.4887,142.1333,35.0,4.4,mb,58.0,134.0,2.441,0.58,us,us7000q1gp,2025-06-17 22:50:38.378000+00:00,"59 km E of Onagawa Chō, Japan",earthquake,8.54,1.928,0.084,41.0,reviewed,us,us,5,Weak,Onagawa Chō
2025-05-23 22:50:53.168000+00:00,25.4627,141.9557,64.321,4.3,mb,13.0,148.0,1.639,1.31,us,us6000qi7u,2025-06-26 23:24:10.040000+00:00,"Volcano Islands, Japan region",earthquake,15.02,10.217,0.201,8.0,reviewed,us,us,5,Weak,Volcano Islands
2025-05-23 14:44:31.870000+00:00,36.7938,141.287,43.945,4.5,mb,67.0,114.0,1.679,0.73,us,us7000q12t,2025-06-27 14:00:03.040000+00:00,"45 km SE of Iwaki, Japan",earthquake,8.35,7.822,0.073,54.0,reviewed,us,us,5,Weak,Iwaki
2025-05-22 21:28:00.611000+00:00,41.9147,142.532,48.0,5.4,mww,115.0,91.0,0.477,0.61,us,us7000q0yk,2025-06-08 21:17:16.884000+00:00,"33 km SW of Urakawa, Japan",earthquake,5.36,1.906,0.069,20.0,reviewed,us,us,5,Medium,Urakawa
2025-05-22 06:33:04.359000+00:00,25.9216,126.977,55.306,4.2,mb,26.0,120.0,1.476,1.11,us,us6000qi67,2025-06-10 06:59:31.040000+00:00,"72 km WSW of Itoman, Japan",earthquake,9.51,9.86,0.159,11.0,reviewed,us,us,5,Weak,Itoman
2025-05-21 11:32:42.327000+00:00,31.3589,140.9594,53.822,4.6,mb,69.0,113.0,2.002,0.53,us,us7000q0in,2025-06-10 06:04:07.040000+00:00,"Izu Islands, Japan region",earthquake,10.47,7.822,0.074,55.0,reviewed,us,us,5,Weak,Izu Islands
2025-05-21 04:03:10.771000+00:00,26.6404,126.1932,142.521,4.3,mb,56.0,56.0,1.87,1.07,us,us7000q0he,2025-06-07 22:45:42.040000+00:00,"155 km WNW of Naha, Japan",earthquake,8.46,7.689,0.084,40.0,reviewed,us,us,5,Weak,Naha
2025-05-20 13:12:15.960000+00:00,37.6763,141.7939,61.973,4.3,mb,15.0,161.0,3.081,0.36,us,us6000qhq6,2025-06-10 16:00:34.040000+00:00,"72 km E of Minami-Sōma, Japan",earthquake,8.64,10.481,0.237,5.0,reviewed,us,us,5,Weak,Minami-Sōma
2025-05-20 00:14:38.163000+00:00,26.5855,129.5422,10.0,4.1,mb,18.0,91.0,1.163,0.68,us,us6000qhpq,2025-06-11 00:04:29.040000+00:00,"125 km SE of Wadomari, Japan",earthquake,4.44,1.784,0.158,11.0,reviewed,us,us,5,Weak,Wadomari
2025-05-19 04:16:11.581000+00:00,41.2822,142.7532,40.195,4.3,mb,32.0,142.0,0.792,0.91,us,us7000q03j,2025-06-09 02:28:49.040000+00:00,"94 km S of Honchō, Japan",earthquake,6.2,8.466,0.122,19.0,reviewed,us,us,5,Weak,Honchō
2025-05-19 03:14:40.863000+00:00,37.1642,141.3804,10.0,4.7,mb,107.0,95.0,2.618,0.68,us,us7000q03c,2025-06-09 01:37:05.040000+00:00,"37 km ESE of Tomioka, Japan",earthquake,7.16,1.854,0.061,81.0,reviewed,us,us,5,Weak,Tomioka
2025-05-18 18:37:08.919000+00:00,25.5239,141.4344,112.193,4.7,mb,62.0,116.0,1.704,1.25,us,us7000q01y,2025-06-05 15:21:21.040000+00:00,"Volcano Islands, Japan region",earthquake,9.86,5.0,0.06,83.0,reviewed,us,us,5,Weak,Volcano Islands
2025-05-16 13:15:30.318000+00:00,42.8343,144.5628,63.3,4.1,mb,58.0,133.0,1.324,0.99,us,us7000pzk2,2025-06-09 14:18:52.040000+00:00,"21 km SE of Kushiro, Japan",earthquake,7.29,7.046,0.087,36.0,reviewed,us,us,5,Weak,Kushiro
2025-05-16 03:02:52.389000+00:00,27.6641,139.8924,484.318,4.3,mb,81.0,82.0,2.115,0.64,us,us7000pzig,2025-06-06 22:26:53.040000+00:00,"Bonin Islands, Japan region",earthquake,8.42,8.653,0.038,204.0,reviewed,us,us,5,Weak,Bonin Islands
2025-05-15 13:05:49.705000+00:00,42.7965,143.3431,101.081,4.8,mww,118.0,97.0,0.793,0.85,us,us7000pzcn,2025-06-21 15:19:26.040000+00:00,"16 km SSW of Ikeda, Japan",earthquake,7.3,5.498,0.11,8.0,reviewed,us,us,5,Weak,Ikeda
2025-05-15 01:38:10.045000+00:00,25.1114,126.1506,35.0,4.3,mb,31.0,88.0,1.888,0.84,us,us7000pzae,2025-05-30 18:49:22.040000+00:00,"91 km ENE of Miyakojima, Japan",earthquake,7.96,1.94,0.129,17.0,reviewed,us,us,5,Weak,Miyakojima
2025-05-14 16:33:15.509000+00:00,33.6298,140.5591,57.142,4.5,mb,62.0,114.0,0.808,0.74,us,us7000pz7x,2025-06-03 22:35:52.040000+00:00,"163 km SSE of Tateyama, Japan",earthquake,7.34,5.828,0.081,45.0,reviewed,us,us,5,Weak,Tateyama
2025-05-13 23:51:56.835000+00:00,33.8177,141.5992,10.0,4.5,mb,27.0,137.0,1.649,0.38,us,us6000qgfz,2025-05-28 23:06:06.040000+00:00,"188 km SE of Katsuura, Japan",earthquake,7.94,1.904,0.131,17.0,reviewed,us,us,5,Weak,Katsuura
2025-05-13 16:52:34.486000+00:00,27.2228,140.058,445.198,5.6,mww,278.0,30.0,1.899,0.59,us,us7000pyzs,2025-06-04 22:06:55.308000+00:00,"Bonin Islands, Japan region",earthquake,9.13,4.58,0.05,39.0,reviewed,us,us,5,Medium,Bonin Islands
2025-05-13 16:44:09.076000+00:00,38.3636,142.4686,28.542,4.1,mb,18.0,180.0,2.654,0.54,us,us6000qgfs,2025-06-04 21:47:14.040000+00:00,"89 km E of Onagawa Chō, Japan",earthquake,9.06,8.002,0.198,7.0,reviewed,us,us,5,Weak,Onagawa Chō
2025-05-13 06:50:23.355000+00:00,29.1406,141.7524,10.0,4.3,mb,29.0,118.0,2.073,0.56,us,us6000qgff,2025-06-01 12:00:37.040000+00:00,"Izu Islands, Japan region",earthquake,8.33,1.888,0.133,16.0,reviewed,us,us,5,Weak,Izu Islands
2025-05-13 01:37:04.327000+00:00,37.0973,140.4289,98.472,4.8,mb,154.0,123.0,1.866,0.59,us,us7000pyxl,2025-06-04 00:36:51.040000+00:00,"2 km NE of Asakawa, Japan",earthquake,7.74,6.691,0.049,130.0,reviewed,us,us,5,Weak,Asakawa
2025-05-12 23:33:35.084000+00:00,35.8935,140.1659,77.893,4.5,mb,34.0,145.0,1.71,0.51,us,us6000qg8d,2025-05-27 23:46:45.040000+00:00,"1 km WSW of Ryūgasaki, Japan",earthquake,5.59,7.923,0.124,19.0,reviewed,us,us,5,Weak,Ryūgasaki
2025-05-12 21:33:35.915000+00:00,42.6048,141.9887,123.578,4.5,mb,142.0,69.0,1.048,0.49,us,us7000pywr,2025-05-27 21:57:42.040000+00:00,"12 km WNW of Biratori, Japan",earthquake,6.38,5.656,0.051,111.0,reviewed,us,us,5,Weak,Biratori
2025-05-12 17:23:13.133000+00:00,26.6107,142.0317,42.683,4.1,mb,23.0,161.0,0.502,0.54,us,us6000qg80,2025-05-29 14:50:12.040000+00:00,"Bonin Islands, Japan region",earthquake,11.46,9.338,0.139,14.0,reviewed,us,us,5,Weak,Bonin Islands
2025-05-12 14:54:29.916000+00:00,41.5868,142.0431,60.667,5.3,mww,123.0,91.0,0.936,0.69,us,us7000pytm,2025-05-28 13:50:43.988000+00:00,"76 km ENE of Mutsu, Japan",earthquake,4.79,4.832,0.061,26.0,reviewed,us,us,5,Medium,Mutsu
2025-05-11 07:15:35.642000+00:00,32.3762,137.2337,421.052,4.0,mb,50.0,110.0,2.295,0.6,us,us7000pyj0,2025-05-30 11:36:26.040000+00:00,"182 km SE of Kushimoto, Japan",earthquake,6.07,8.433,0.049,110.0,reviewed,us,us,5,Weak,Kushimoto
2025-05-10 11:45:16.029000+00:00,29.689,129.9032,78.512,4.7,mb,62.0,119.0,1.875,0.85,us,us7000pyev,2025-05-30 06:31:03.040000+00:00,"81 km SW of Kurio, Japan",earthquake,7.87,7.325,0.046,140.0,reviewed,us,us,5,Weak,Kurio
2025-05-09 04:34:51.695000+00:00,36.9322,136.4174,10.0,4.5,mb,48.0,57.0,1.486,1.06,us,us7000py5i,2025-05-29 22:27:46.040000+00:00,"33 km W of Hakui, Japan",earthquake,5.84,1.853,0.083,44.0,reviewed,us,us,5,Weak,Hakui
2025-05-09 03:39:33.120000+00:00,42.5231,143.8604,91.316,4.1,mb,18.0,186.0,0.728,0.62,us,us7000q13r,2025-06-12 22:05:55.040000+00:00,"36 km SSE of Honchō, Japan",earthquake,10.76,8.818,0.157,11.0,reviewed,us,us,5,Weak,Honchō
2025-05-09 03:24:04.593000+00:00,41.7225,143.4689,40.341,4.5,mb,76.0,133.0,0.374,0.75,us,us7000py5c,2025-05-29 22:22:37.040000+00:00,"63 km SSE of Hiroo, Japan",earthquake,6.42,6.036,0.053,103.0,reviewed,us,us,5,Weak,Hiroo
2025-05-09 03:17:41.557000+00:00,34.5946,140.4511,96.05,4.1,mb,23.0,137.0,1.568,0.73,us,us7000q13q,2025-05-23 22:26:53.040000+00:00,"62 km SSE of Katsuura, Japan",earthquake,9.87,8.161,0.139,14.0,reviewed,us,us,5,Weak,Katsuura
2025-05-07 20:20:00.932000+00:00,32.2551,142.023,10.0,4.4,mb,39.0,130.0,2.051,0.52,us,us7000q0v6,2025-05-25 16:56:52.040000+00:00,"Izu Islands, Japan region",earthquake,8.97,1.895,0.117,21.0,reviewed,us,us,5,Weak,Izu Islands
2025-05-07 19:42:43.203000+00:00,30.5385,142.5222,10.0,4.5,mb,23.0,114.0,3.443,0.25,us,us7000q0v5,2025-05-25 16:44:37.040000+00:00,"Izu Islands, Japan region",earthquake,10.09,1.902,0.164,11.0,reviewed,us,us,5,Weak,Izu Islands
2025-05-07 15:57:52.537000+00:00,29.9971,131.046,36.263,4.4,mb,24.0,135.0,1.591,0.53,us,us7000q0v1,2025-05-22 21:26:47.040000+00:00,"55 km ESE of Koshima, Japan",earthquake,8.23,8.378,0.155,12.0,reviewed,us,us,5,Weak,Koshima
2025-05-07 10:50:42.166000+00:00,29.9855,131.0793,34.786,4.5,mb,39.0,135.0,1.612,0.45,us,us7000pxpc,2025-05-27 04:49:08.040000+00:00,"59 km ESE of Koshima, Japan",earthquake,8.07,6.279,0.121,20.0,reviewed,us,us,5,Weak,Koshima
2025-05-07 02:15:26.359000+00:00,30.0282,131.1112,35.0,4.6,mb,73.0,136.0,1.581,0.84,us,us7000pxmb,2025-05-24 04:15:45.040000+00:00,"59 km SE of Koseda, Japan",earthquake,7.27,1.918,0.071,59.0,reviewed,us,us,5,Weak,Koseda
2025-05-06 09:22:15.974000+00:00,38.7303,141.8769,69.795,4.4,mb,41.0,142.0,2.15,0.62,us,us7000pxgj,2025-07-12 16:30:47.040000+00:00,"40 km SSE of Ōfunato, Japan",earthquake,6.56,7.742,0.112,23.0,reviewed,us,us,5,Weak,Ōfunato
2025-05-06 04:03:53.495000+00:00,41.0209,138.6895,242.609,4.0,mb,37.0,88.0,1.815,0.65,us,us7000pxfc,2025-07-12 16:30:46.040000+00:00,"112 km WNW of Fukaura, Japan",earthquake,9.17,10.309,0.125,17.0,reviewed,us,us,5,Weak,Fukaura
2025-05-04 21:14:50.521000+00:00,36.7184,142.1148,35.0,4.4,mb,45.0,154.0,3.147,0.75,us,us7000px58,2025-07-12 16:30:45.040000+00:00,"115 km ESE of Iwaki, Japan",earthquake,8.38,1.876,0.098,30.0,reviewed,us,us,5,Weak,Iwaki
2025-05-04 16:34:53.993000+00:00,36.3677,140.9392,49.692,4.5,mb,59.0,114.0,2.208,0.68,us,us7000px43,2025-07-12 16:30:45.040000+00:00,"32 km E of Ōarai, Japan",earthquake,5.19,7.342,0.061,79.0,reviewed,us,us,5,Weak,Ōarai
2025-05-04 08:44:00.623000+00:00,29.1108,141.0553,83.015,4.5,mb,33.0,108.0,2.242,0.86,us,us7000px20,2025-07-12 16:30:44.040000+00:00,"Izu Islands, Japan region",earthquake,11.49,1.504,0.084,41.0,reviewed,us,us,5,Weak,Izu Islands
2025-05-04 06:20:19.643000+00:00,25.9176,128.267,10.0,4.2,mb,25.0,144.0,0.915,0.52,us,us7000q0ct,2025-07-12 16:30:49.040000+00:00,"60 km ESE of Yonabaru, Japan",earthquake,4.39,1.919,0.136,15.0,reviewed,us,us,5,Weak,Yonabaru
2025-05-04 04:54:23.073000+00:00,25.9551,128.4221,10.0,4.5,mb,29.0,79.0,0.888,0.76,us,us7000q0cq,2025-07-12 16:30:49.040000+00:00,"68 km SE of Katsuren-haebaru, Japan",earthquake,4.95,1.782,0.135,18.0,reviewed,us,us,5,Weak,Katsuren-haebaru
2025-05-04 03:48:17.874000+00:00,29.2375,142.0838,10.0,5.2,mww,88.0,121.0,2.136,1.1,us,us7000px0q,2025-07-12 16:30:44.040000+00:00,"Izu Islands, Japan region",earthquake,8.31,1.814,0.073,18.0,reviewed,us,us,5,Medium,Izu Islands
2025-05-04 03:35:42.731000+00:00,35.6059,139.6685,77.823,4.5,mb,47.0,90.0,1.512,0.77,us,us7000px0j,2025-07-12 16:30:44.040000+00:00,"7 km SSW of Motoyoyogichō, Japan",earthquake,7.68,7.53,0.079,49.0,reviewed,us,us,5,Weak,Motoyoyogichō
2025-05-03 11:15:12.145000+00:00,30.5301,141.7083,10.0,4.3,mb,24.0,142.0,3.04,0.83,us,us7000q06p,2025-07-12 16:30:49.040000+00:00,"Izu Islands, Japan region",earthquake,10.46,1.906,0.142,14.0,reviewed,us,us,5,Weak,Izu Islands
2025-05-02 15:52:44.305000+00:00,30.5024,138.3422,434.476,4.2,mb,129.0,104.0,2.89,0.74,us,us7000pwms,2025-07-12 16:30:42.040000+00:00,"Izu Islands, Japan region",earthquake,10.56,7.499,0.04,178.0,reviewed,us,us,5,Weak,Izu Islands
2025-05-02 11:57:44.474000+00:00,30.8214,143.0275,10.0,4.4,mb,97.0,134.0,3.562,0.67,us,us7000pwkh,2025-07-12 16:30:42.040000+00:00,"Izu Islands, Japan region",earthquake,9.26,1.874,0.06,81.0,reviewed,us,us,5,Weak,Izu Islands
2025-05-02 01:44:49.018000+00:00,31.1477,131.1908,65.047,4.4,mb,46.0,146.0,0.727,0.75,us,us7000pwhs,2025-07-12 16:30:41.040000+00:00,"34 km SSE of Ōsaki, Japan",earthquake,8.6,7.004,0.086,40.0,reviewed,us,us,5,Weak,Ōsaki
2025-04-30 04:22:17.606000+00:00,24.9808,141.3561,147.092,4.1,mb,23.0,153.0,2.234,0.63,us,us7000pzel,2025-07-12 16:30:48.040000+00:00,"Volcano Islands, Japan region",earthquake,13.37,9.457,0.134,15.0,reviewed,us,us,4,Weak,Volcano Islands
2025-04-29 21:15:37.634000+00:00,26.9264,127.2885,100.676,4.3,mb,46.0,63.0,0.883,0.49,us,us7000pzdw,2025-07-11 15:46:26.040000+00:00,"57 km WNW of Ie, Japan",earthquake,9.3,7.655,0.094,32.0,reviewed,us,us,4,Weak,Ie
2025-04-29 17:30:34.186000+00:00,38.4027,141.3992,63.303,4.2,mb,26.0,201.0,2.398,0.3,us,us7000pzdr,2025-07-11 15:46:26.040000+00:00,"6 km SW of Onagawa Chō, Japan",earthquake,10.92,12.318,0.127,17.0,reviewed,us,us,4,Weak,Onagawa Chō
2025-04-28 06:37:26.132000+00:00,41.9007,142.5311,62.248,4.6,mb,117.0,112.0,0.481,0.57,us,us7000pvi0,2025-07-11 15:46:22.040000+00:00,"35 km SW of Urakawa, Japan",earthquake,6.74,7.187,0.053,106.0,reviewed,us,us,4,Weak,Urakawa
2025-04-27 11:46:05.936000+00:00,24.3712,142.0546,102.047,4.4,mb,82.0,126.0,2.715,0.49,us,us7000pz05,2025-07-11 15:46:25.040000+00:00,"Volcano Islands, Japan region",earthquake,10.8,7.501,0.065,69.0,reviewed,us,us,4,Weak,Volcano Islands
2025-04-27 08:39:28.095000+00:00,39.7463,141.9998,65.795,4.1,mb,18.0,156.0,1.264,0.95,us,us7000pz02,2025-07-11 15:46:25.040000+00:00,"12 km NNE of Miyako, Japan",earthquake,5.61,8.798,0.165,10.0,reviewed,us,us,4,Weak,Miyako
2025-04-27 05:01:59.901000+00:00,38.2209,141.6843,67.326,4.3,mb,32.0,156.0,2.609,0.63,us,us7000pz04,2025-07-11 15:46:25.040000+00:00,"32 km SE of Onagawa Chō, Japan",earthquake,9.62,8.998,0.143,14.0,reviewed,us,us,4,Weak,Onagawa Chō
2025-04-26 19:46:03.374000+00:00,30.6446,138.5539,375.902,4.1,mb,52.0,89.0,2.686,0.74,us,us7000pv9v,2025-07-11 15:46:21.040000+00:00,"Izu Islands, Japan region",earthquake,10.63,8.696,0.077,50.0,reviewed,us,us,4,Weak,Izu Islands
2025-04-26 03:06:54.423000+00:00,32.5305,130.386,10.0,4.3,mb,28.0,110.0,1.02,0.77,us,us7000pv6a,2025-07-11 15:46:20.040000+00:00,"19 km ENE of Amakusa, Japan",earthquake,6.13,1.868,0.129,17.0,reviewed,us,us,4,Weak,Amakusa
2025-04-26 00:05:18.376000+00:00,38.5797,141.8419,71.988,4.4,mb,38.0,153.0,2.287,0.54,us,us7000pv57,2025-07-11 15:46:20.040000+00:00,"37 km ENE of Onagawa Chō, Japan",earthquake,10.16,8.232,0.095,32.0,reviewed,us,us,4,Weak,Onagawa Chō
2025-04-24 00:07:53.351000+00:00,40.4933,141.8368,65.988,4.5,mb,93.0,127.0,0.658,0.72,us,us7000pumd,2025-07-11 15:46:19.040000+00:00,"28 km E of Hachinohe, Japan",earthquake,6.04,6.232,0.062,76.0,reviewed,us,us,4,Weak,Hachinohe
2025-04-23 02:25:25.064000+00:00,36.629,142.4365,10.0,4.5,mb,47.0,135.0,3.403,0.76,us,us7000pudy,2025-07-11 15:46:18.040000+00:00,"146 km ESE of Iwaki, Japan",earthquake,9.12,1.577,0.098,30.0,reviewed,us,us,4,Weak,Iwaki
2025-04-22 22:21:52.823000+00:00,41.1066,142.9984,51.297,4.6,mb,85.0,120.0,0.915,0.43,us,us7000pucw,2025-06-27 00:34:53.040000+00:00,"113 km S of Honchō, Japan",earthquake,6.3,6.276,0.042,171.0,reviewed,us,us,4,Weak,Honchō
2025-04-22 04:31:55.888000+00:00,31.5938,139.7345,10.0,4.3,mb,16.0,134.0,5.38,0.29,us,us7000py00,2025-06-27 00:35:11.040000+00:00,"Izu Islands, Japan region",earthquake,13.18,1.927,0.177,9.0,reviewed,us,us,4,Weak,Izu Islands
2025-04-22 04:30:34.303000+00:00,39.5017,144.6161,10.0,4.4,mb,80.0,134.0,2.744,0.45,us,us7000pu4p,2025-06-27 00:34:48.040000+00:00,"229 km E of Yamada, Japan",earthquake,8.77,1.895,0.067,64.0,reviewed,us,us,4,Weak,Yamada
2025-04-22 01:14:59.858000+00:00,25.801,141.4483,93.857,4.2,mb,31.0,147.0,1.448,0.92,us,us7000py03,2025-06-27 00:35:11.040000+00:00,"Volcano Islands, Japan region",earthquake,13.79,8.564,0.103,26.0,reviewed,us,us,4,Weak,Volcano Islands
2025-04-21 18:23:47.013000+00:00,41.7854,143.3174,42.187,4.1,mb,49.0,134.0,0.259,0.86,us,us7000pu1w,2025-06-27 00:34:45.040000+00:00,"50 km SE of Honchō, Japan",earthquake,7.7,5.745,0.094,31.0,reviewed,us,us,4,Weak,Honchō
2025-04-21 16:48:05.368000+00:00,37.4573,141.6593,40.06,4.6,mb,90.0,95.0,2.909,0.99,us,us7000pu18,2025-06-27 00:34:45.040000+00:00,"58 km E of Namie, Japan",earthquake,7.7,5.603,0.056,94.0,reviewed,us,us,4,Weak,Namie
2025-04-21 16:14:46.469000+00:00,26.4923,140.5695,425.576,4.0,mb,65.0,64.0,1.563,0.52,us,us7000pu12,2025-06-27 00:34:44.040000+00:00,"Bonin Islands, Japan region",earthquake,10.48,6.805,0.077,45.0,reviewed,us,us,4,Weak,Bonin Islands
2025-04-21 13:11:18.640000+00:00,36.0369,139.7646,116.185,4.5,mb,88.0,136.0,1.354,0.58,us,us6000q7jk,2025-06-27 00:34:44.040000+00:00,"3 km E of Sugito, Japan",earthquake,6.65,6.606,0.058,86.0,reviewed,us,us,4,Weak,Sugito
2025-04-20 06:11:07.513000+00:00,35.4329,140.038,85.576,4.5,mb,44.0,144.0,1.85,0.87,us,us6000q7ck,2025-06-27 00:34:38.040000+00:00,"10 km SSW of Ichihara, Japan",earthquake,8.74,7.727,0.082,44.0,reviewed,us,us,4,Weak,Ichihara
2025-04-18 21:08:54.051000+00:00,41.9349,144.2246,41.56,4.2,mb,52.0,134.0,0.8,0.64,us,us6000q73j,2025-06-27 00:34:28.040000+00:00,"85 km ESE of Hiroo, Japan",earthquake,8.85,8.254,0.095,32.0,reviewed,us,us,4,Weak,Hiroo
2025-04-18 14:39:46.567000+00:00,36.4326,137.9157,10.0,4.1,mwr,105.0,88.0,0.258,0.69,us,us6000q714,2025-06-27 00:34:25.040000+00:00,"3 km ENE of Ikeda, Japan",earthquake,6.33,1.852,0.098,10.0,reviewed,us,us,4,Weak,Ikeda
2025-04-18 11:19:28.740000+00:00,36.5089,137.8844,10.0,4.8,mwr,140.0,33.0,0.26,1.03,us,us6000q706,2025-06-27 00:34:24.040000+00:00,"1 km ENE of Ōmachi, Japan",earthquake,5.35,1.822,0.071,19.0,reviewed,us,us,4,Weak,Ōmachi
2025-04-17 23:57:35.002000+00:00,33.2513,131.3791,10.0,4.2,mb,29.0,128.0,1.906,0.45,us,us6000q6xf,2025-06-27 00:34:20.040000+00:00,"11 km WSW of Beppu, Japan",earthquake,5.96,1.345,0.147,14.0,reviewed,us,us,4,Weak,Beppu
2025-04-17 20:10:08.720000+00:00,24.348,123.8207,17.225,4.5,mb,69.0,71.0,0.379,0.78,us,us6000q6vp,2025-06-27 00:34:20.040000+00:00,"34 km W of Ishigaki, Japan",earthquake,6.4,5.091,0.075,52.0,reviewed,us,us,4,Weak,Ishigaki
2025-04-17 11:12:26.612000+00:00,31.2478,140.4492,89.164,4.1,mb,28.0,129.0,1.938,0.74,us,us7000pwm0,2025-06-27 00:35:00.040000+00:00,"Izu Islands, Japan region",earthquake,6.2,7.607,0.151,13.0,reviewed,us,us,4,Weak,Izu Islands
2025-04-16 22:16:31.245000+00:00,42.3267,143.0352,65.147,4.5,mb,74.0,108.0,0.324,0.55,us,us6000q6mb,2025-06-27 00:34:15.040000+00:00,"22 km WNW of Hiroo, Japan",earthquake,6.18,6.095,0.074,54.0,reviewed,us,us,4,Weak,Hiroo
2025-04-16 09:10:37.056000+00:00,24.1201,123.4001,35.415,4.5,mb,31.0,79.0,0.495,1.15,us,us7000pw5z,2025-06-27 00:34:54.040000+00:00,"55 km SE of Yonakuni, Japan",earthquake,3.11,9.144,0.128,18.0,reviewed,us,us,4,Weak,Yonakuni
2025-04-14 23:07:09.567000+00:00,29.8727,138.9953,421.133,4.0,mb,52.0,81.0,3.307,0.58,us,us6000q62e,2025-06-14 18:26:44.040000+00:00,"Izu Islands, Japan region",earthquake,12.03,5.515,0.091,32.0,reviewed,us,us,4,Weak,Izu Islands
2025-04-14 00:54:15.544000+00:00,40.6382,140.1711,10.0,4.4,mb,37.0,99.0,0.696,0.82,us,us6000q5vu,2025-06-14 18:26:43.040000+00:00,"15 km S of Ajigasawa, Japan",earthquake,5.47,1.846,0.109,24.0,reviewed,us,us,4,Weak,Ajigasawa
2025-04-13 23:32:17.605000+00:00,24.2724,142.1059,103.121,4.5,mb,26.0,153.0,2.812,0.67,us,us7000pvks,2025-06-14 18:26:46.040000+00:00,"Volcano Islands, Japan region",earthquake,7.16,8.544,0.115,22.0,reviewed,us,us,4,Weak,Volcano Islands
2025-04-13 20:38:06.314000+00:00,31.0533,131.5339,27.249,4.5,mb,55.0,130.0,1.031,0.89,us,us6000q5u6,2025-06-14 18:26:42.040000+00:00,"55 km SSE of Kushima, Japan",earthquake,5.95,6.028,0.081,45.0,reviewed,us,us,4,Weak,Kushima
2025-04-13 17:22:12.860000+00:00,31.0375,139.2102,246.016,4.0,mb,59.0,110.0,2.134,1.0,us,us6000q5ta,2025-06-14 18:26:42.040000+00:00,"Izu Islands, Japan region",earthquake,8.27,7.964,0.08,42.0,reviewed,us,us,4,Weak,Izu Islands
2025-04-13 06:43:56.923000+00:00,25.374,142.9893,10.0,4.3,mb,32.0,149.0,1.861,1.18,us,us7000pvjv,2025-06-14 18:26:46.040000+00:00,"Volcano Islands, Japan region",earthquake,13.75,1.914,0.111,23.0,reviewed,us,us,4,Weak,Volcano Islands
2025-04-13 00:43:05.369000+00:00,34.9294,142.1394,10.0,4.4,mb,34.0,152.0,2.647,0.74,us,us6000q5p5,2025-06-14 18:26:42.040000+00:00,"148 km SE of Hasaki, Japan",earthquake,6.02,1.915,0.134,16.0,reviewed,us,us,4,Weak,Hasaki
2025-04-11 13:51:44.945000+00:00,26.4205,130.4585,10.0,4.2,mb,26.0,105.0,0.912,0.94,us,us7000putl,2025-06-14 18:26:45.040000+00:00,"205 km SE of Isen, Japan",earthquake,5.95,1.913,0.159,11.0,reviewed,us,us,4,Weak,Isen
2025-04-11 07:01:46.827000+00:00,29.1988,130.3476,42.034,4.1,mb,26.0,133.0,2.305,0.68,us,us7000putj,2025-06-14 18:26:45.040000+00:00,"110 km NE of Tatsugō, Japan",earthquake,9.93,6.48,0.126,17.0,reviewed,us,us,4,Weak,Tatsugō
2025-04-11 06:09:06.578000+00:00,29.1457,130.6013,42.682,4.4,mb,19.0,138.0,2.359,0.95,us,us7000putf,2025-06-14 18:26:45.040000+00:00,"120 km S of Koshima, Japan",earthquake,7.16,9.372,0.161,11.0,reviewed,us,us,4,Weak,Koshima
2025-04-11 05:46:45.471000+00:00,29.2381,130.4909,47.949,4.5,mb,30.0,137.0,2.264,0.71,us,us6000q5bn,2025-06-14 18:26:40.040000+00:00,"110 km S of Yudomari, Japan",earthquake,8.93,8.1,0.125,19.0,reviewed,us,us,4,Weak,Yudomari
2025-04-11 05:41:27.147000+00:00,29.1604,130.4987,38.759,4.6,mb,44.0,137.0,2.341,0.99,us,us6000q5bk,2025-06-14 18:26:40.040000+00:00,"117 km NE of Tatsugō, Japan",earthquake,7.97,7.61,0.08,47.0,reviewed,us,us,4,Weak,Tatsugō
2025-04-11 05:15:48.444000+00:00,29.165,130.597,35.512,4.4,mb,37.0,139.0,2.34,1.12,us,us6000q5bg,2025-06-14 18:26:40.040000+00:00,"118 km S of Koshima, Japan",earthquake,7.72,7.822,0.092,34.0,reviewed,us,us,4,Weak,Koshima
2025-04-11 05:06:17.156000+00:00,29.163,130.4454,26.067,5.0,mww,77.0,106.0,2.338,0.91,us,us6000q5b8,2025-06-14 18:26:40.040000+00:00,"114 km NE of Tatsugō, Japan",earthquake,6.46,5.188,0.103,9.0,reviewed,us,us,4,Medium,Tatsugō
2025-04-10 21:52:55.812000+00:00,42.4689,145.341,47.969,4.0,mb,24.0,168.0,1.684,1.01,us,us7000put6,2025-06-14 18:26:45.040000+00:00,"74 km SSE of Akkeshi, Japan",earthquake,11.08,9.618,0.139,15.0,reviewed,us,us,4,Weak,Akkeshi
2025-04-10 01:13:11.123000+00:00,36.9664,141.1548,58.464,4.3,mb,50.0,136.0,2.403,0.7,us,us6000q50x,2025-06-14 18:26:39.040000+00:00,"25 km ESE of Iwaki, Japan",earthquake,8.61,4.398,0.096,31.0,reviewed,us,us,4,Weak,Iwaki
2025-04-09 23:33:22.076000+00:00,39.2719,141.7675,65.437,4.5,mb,78.0,124.0,1.609,0.78,us,us6000q50n,2025-06-14 18:26:39.040000+00:00,"8 km W of Kamaishi, Japan",earthquake,7.05,6.432,0.072,57.0,reviewed,us,us,4,Weak,Kamaishi
2025-04-09 06:21:56.880000+00:00,27.9239,139.7079,506.837,4.5,mb,91.0,39.0,2.349,0.64,us,us6000q4vq,2025-06-14 18:26:38.040000+00:00,"Bonin Islands, Japan region",earthquake,10.7,7.376,0.028,364.0,reviewed,us,us,4,Weak,Bonin Islands
2025-04-09 00:10:19.678000+00:00,39.1891,142.1848,55.608,4.2,mb,41.0,188.0,1.815,0.49,us,us6000q4us,2025-06-14 18:26:38.040000+00:00,"29 km ESE of Kamaishi, Japan",earthquake,7.99,10.033,0.098,29.0,reviewed,us,us,4,Weak,Kamaishi
2025-04-08 15:26:34.272000+00:00,24.8643,123.1405,123.918,5.3,mww,215.0,31.0,0.413,0.62,us,us6000q4rh,2025-06-09 13:38:44.040000+00:00,"46 km NNE of Yonakuni, Japan",earthquake,6.14,3.106,0.041,57.0,reviewed,us,us,4,Medium,Yonakuni
2025-04-08 10:26:11.377000+00:00,34.8661,137.1,30.228,4.4,mb,76.0,85.0,0.486,0.33,us,us6000q4qa,2025-06-09 13:38:44.040000+00:00,"4 km E of Nishio, Japan",earthquake,4.9,5.037,0.07,59.0,reviewed,us,us,4,Weak,Nishio
2025-04-08 08:50:08.810000+00:00,24.5121,125.8903,28.622,4.4,mb,26.0,176.0,1.515,0.51,us,us6000q4q1,2025-06-09 13:38:44.040000+00:00,"66 km ESE of Miyakojima, Japan",earthquake,9.73,8.673,0.162,12.0,reviewed,us,us,4,Weak,Miyakojima
2025-04-07 03:08:25.398000+00:00,39.0241,140.8655,16.539,4.2,mb,18.0,153.0,1.77,0.47,us,us6000q6t2,2025-06-09 13:38:48.040000+00:00,"26 km WNW of Ichinoseki, Japan",earthquake,9.8,5.107,0.176,9.0,reviewed,us,us,4,Weak,Ichinoseki
2025-04-07 00:52:12.615000+00:00,35.8056,140.9035,21.953,4.7,mww,65.0,126.0,2.3,0.73,us,us6000q4ge,2025-06-09 13:38:43.040000+00:00,"10 km NE of Hasaki, Japan",earthquake,6.62,4.884,0.11,8.0,reviewed,us,us,4,Weak,Hasaki
2025-04-05 17:32:05.474000+00:00,31.3055,130.5189,172.375,4.2,mb,9.0,125.0,0.211,0.57,us,us6000q6kh,2025-06-09 13:38:48.040000+00:00,"14 km WNW of Ibusuki, Japan",earthquake,9.29,3.252,0.304,3.0,reviewed,us,us,4,Weak,Ibusuki
2025-04-05 17:25:49.788000+00:00,41.0364,143.0345,45.381,4.4,mb,88.0,128.0,0.982,0.61,us,us6000q4a6,2025-06-09 13:38:42.040000+00:00,"121 km S of Honchō, Japan",earthquake,6.44,7.09,0.059,88.0,reviewed,us,us,4,Weak,Honchō
2025-04-05 17:20:32.141000+00:00,41.0468,143.0076,44.17,4.4,mb,50.0,166.0,0.974,0.66,us,us6000q4a2,2025-06-09 13:38:42.040000+00:00,"120 km S of Honchō, Japan",earthquake,6.77,8.027,0.088,40.0,reviewed,us,us,4,Weak,Honchō
2025-04-04 21:12:23.261000+00:00,40.9606,141.9106,59.795,4.6,mb,48.0,138.0,0.664,0.77,us,us6000q437,2025-06-09 13:38:40.040000+00:00,"53 km NE of Misawa, Japan",earthquake,7.31,7.295,0.069,62.0,reviewed,us,us,4,Weak,Misawa
2025-04-04 19:15:42.629000+00:00,41.2665,140.1337,10.0,4.5,mb,124.0,53.0,0.85,0.64,us,us6000q417,2025-06-09 13:38:40.040000+00:00,"25 km SSW of Fukushima, Japan",earthquake,4.88,1.857,0.048,135.0,reviewed,us,us,4,Weak,Fukushima
2025-04-04 02:34:53.043000+00:00,45.4789,145.5533,23.376,4.7,mb,71.0,100.0,2.439,0.61,us,us6000q3v2,2025-06-09 13:38:40.040000+00:00,"158 km N of Otrada, Russia",earthquake,8.24,4.672,0.04,195.0,reviewed,us,us,4,Weak,Otrada
2025-04-02 21:42:52.551000+00:00,31.1332,131.3969,35.0,4.6,mb,88.0,138.0,0.891,0.46,us,us6000q3jg,2025-06-09 13:38:38.040000+00:00,"41 km SSE of Kushima, Japan",earthquake,6.3,1.909,0.064,73.0,reviewed,us,us,4,Weak,Kushima
2025-04-02 14:13:32.278000+00:00,31.0289,131.5181,35.0,4.4,mb,41.0,131.0,1.03,0.91,us,us6000q5fj,2025-06-09 13:38:45.040000+00:00,"57 km SSE of Kushima, Japan",earthquake,6.04,1.928,0.117,21.0,reviewed,us,us,4,Weak,Kushima
2025-04-02 14:03:57.825000+00:00,30.9792,131.522,29.0,6.1,mww,266.0,87.0,1.057,0.62,us,us7000ppfy,2025-06-09 13:38:49.040000+00:00,"56 km ENE of Nishinoomote, Japan",earthquake,5.23,1.847,0.051,37.0,reviewed,us,us,4,Strong,Nishinoomote
2025-04-02 04:35:28.284000+00:00,25.9938,128.5035,10.0,4.7,mb,84.0,72.0,0.864,0.99,us,us7000ppe2,2025-06-09 13:38:49.040000+00:00,"73 km ESE of Katsuren-haebaru, Japan",earthquake,5.25,1.876,0.068,65.0,reviewed,us,us,4,Weak,Katsuren-haebaru
2025-04-02 00:28:30.764000+00:00,26.0555,128.6105,10.0,4.3,mb,22.0,87.0,0.834,0.42,us,us6000q5f6,2025-06-09 13:38:44.040000+00:00,"78 km SE of Taira, Japan",earthquake,8.27,1.929,0.148,13.0,reviewed,us,us,4,Weak,Taira
2025-04-01 23:59:52.125000+00:00,26.0188,128.5894,10.0,5.0,mww,64.0,63.0,0.862,0.43,us,us7000ppcu,2025-06-06 21:12:30.040000+00:00,"79 km ESE of Katsuren-haebaru, Japan",earthquake,4.2,1.751,0.098,10.0,reviewed,us,us,4,Medium,Katsuren-haebaru
2025-04-01 23:54:45.057000+00:00,27.5529,142.8779,10.0,4.6,mb,57.0,157.0,0.767,0.96,us,us7000ppcw,2025-06-06 21:12:30.040000+00:00,"Bonin Islands, Japan region",earthquake,7.5,1.897,0.081,45.0,reviewed,us,us,4,Weak,Bonin Islands
2025-04-01 14:30:35.103000+00:00,29.6461,142.1795,22.384,4.4,mb,34.0,138.0,2.541,0.56,us,us6000q5ei,2025-06-06 21:12:23.040000+00:00,"Izu Islands, Japan region",earthquake,8.62,5.759,0.12,20.0,reviewed,us,us,4,Weak,Izu Islands
2025-04-01 12:33:41.246000+00:00,36.0779,139.6575,121.401,4.2,mb,45.0,126.0,1.258,0.53,us,us7000pp87,2025-06-06 21:12:29.040000+00:00,"1 km NW of Kukichūō, Japan",earthquake,7.91,6.997,0.1,28.0,reviewed,us,us,4,Weak,Kukichūō
2025-04-01 05:41:49.709000+00:00,42.9526,145.7459,79.332,4.2,mb,83.0,135.0,2.132,0.69,us,us7000pp6q,2025-06-06 21:12:29.040000+00:00,"43 km SSE of Nemuro, Japan",earthquake,8.55,7.616,0.066,64.0,reviewed,us,us,4,Weak,Nemuro
